{
    "GLOBAL": "",
    "ROLE_MODER": "",
    "ROLE_ADMIN": "",
    "ADMIN_LOGS": "",
    "ROLE_ID": "",
    "COLOR": "default",
    "WELCOME_CHANNEL": "",
    "cogs": {
        "respect": true,
        "events": true,
        "broadcast": true,
        "news": true,
        "info_news": true,
        "settingsCogs": true,
        "accept_trade": true,
        "trade_card": true,
        "vip": true,
        "remove_admin": true,
        "admin": true,
        "show_blocked": true,
        "show_vip": true,
        "show_admin": true,
        "remove_vip": true,
        "Battleship": true,
        "report": true,
        "management": true,
        "set_welcome_channel": true,
        "set_global_chat": true,
        "set_role_id": true,
        "set_logs": true,
        "set_moderator": true,
        "set_administrator": true,
        "set_color": true,
        "clear": true,
        "settings": true,
        "helpcog": true,
        "reward": true,
        "duel": true,
        "setcog": true,
        "stonegame": true,
        "add": true,
        "pay": true,
        "take": true,
        "profile": true,
        "sellcar": true,
        "buy_car": true,
        "sellhome": true,
        "buy_home": true,
        "top_active": true,
        "top_balance": true
    },
    "WEBHOOK": ""
}