{

    "ICON_ADMIN": "<:Personal:1279818181334274169>",
    "ICON_MODER": "<:Personal:1279818181334274169>",
    "ICON_OSNOVA": "<:Personal:1279818181334274169>",
    "ICON_POLZOV": "<:User:1279806689847017563>",

    "APPROVED": "<:approved:1279797619358437459>",
    "ICON_PERMISSION": "<:permission_icon:1279589753506893835>",

    "MODERI": "<:Moderator:1280554762475016275>",    
    "ADMINI": "<:Admin:1279826601634431038>",
    "LOGI_2": "<:zaymi:1280928438135291945>",
    "NEW_ROLE": "<:new_role:1282427855225229472>",  

    "UPDATE": "29.10.24",
    "RAZRAB": "[Polkka!](https://discord.com/users/936292219378348033)",
    "VERSION": "4.6.7",
    "TOKEN": ""

}